Workbook

Sheet Profesor 15
A1: Profesor 15 | B1: Monday | C1: Tuesday | D1: Wednesday | E1: Thursday | F1: Friday | I1: Total hours | J1: {=INDEX(hours_per_course!B9:P9,MATCH(A1,hours_per_course!B1:P1,0))} -> 11
A2: 1 | B2: 1 | C2: 1 | D2: 1 | E2: 1 | F2: 1 | I2: margin | J2: 0.3
A3: 2 | B3: 1 | C3: 1 | D3: 1 | E3: 1 | F3: 1 | I3: minimun disp | J3: =INT(J1*(1+J2)+0.5) -> 14
A4: 3 | B4: 1 | C4: 1 | D4: 1 | E4: 1 | F4: 1 | I4: Total disp | J4: =SUM(B2:F7) -> 28
A5: 4 | B5: 1 | C5: 1 | D5: 0 | E5: 1 | F5: 1
A6: 5 | B6: 1 | C6: 1 | D6: 1 | E6: 1 | F6: 1
A7: 6 | B7: 1 | C7: 0 | D7: 1 | E7: 1 | F7: 1

Sheet Profesor 14
A1: Profesor 14 | B1: Monday | C1: Tuesday | D1: Wednesday | E1: Thursday | F1: Friday | I1: Total hours | J1: {=INDEX(hours_per_course!B9:P9,MATCH(A1,hours_per_course!B1:P1,0))} -> 4
A2: 1 | B2: 1 | C2: 0 | D2: 1 | E2: 0 | F2: 0 | I2: margin | J2: 0.3
A3: 2 | B3: 0 | C3: 0 | D3: 0 | E3: 0 | F3: 0 | I3: minimun disp | J3: =INT(J1*(1+J2)+0.5) -> 5
A4: 3 | B4: 0 | C4: 1 | D4: 0 | E4: 1 | F4: 1 | I4: Total disp | J4: =SUM(B2:F7) -> 11
A5: 4 | B5: 0 | C5: 1 | D5: 1 | E5: 1 | F5: 1
A6: 5 | B6: 1 | C6: 0 | D6: 0 | E6: 0 | F6: 1
A7: 6 | B7: 0 | C7: 0 | D7: 0 | E7: 0 | F7: 0

Sheet Profesor 13
A1: Profesor 13 | B1: Monday | C1: Tuesday | D1: Wednesday | E1: Thursday | F1: Friday | I1: Total hours | J1: {=INDEX(hours_per_course!B9:P9,MATCH(A1,hours_per_course!B1:P1,0))} -> 11
A2: 1 | B2: 1 | C2: 1 | D2: 1 | E2: 0 | F2: 1 | I2: margin | J2: 0.3
A3: 2 | B3: 1 | C3: 1 | D3: 0 | E3: 1 | F3: 1 | I3: minimun disp | J3: =INT(J1*(1+J2)+0.5) -> 14
A4: 3 | B4: 1 | C4: 1 | D4: 1 | E4: 1 | F4: 1 | I4: Total disp | J4: =SUM(B2:F7) -> 26
A5: 4 | B5: 1 | C5: 0 | D5: 1 | E5: 1 | F5: 0
A6: 5 | B6: 1 | C6: 1 | D6: 1 | E6: 1 | F6: 1
A7: 6 | B7: 1 | C7: 1 | D7: 1 | E7: 1 | F7: 1

Sheet Profesor 12
A1: Profesor 12 | B1: Monday | C1: Tuesday | D1: Wednesday | E1: Thursday | F1: Friday | I1: Total hours | J1: {=INDEX(hours_per_course!B9:P9,MATCH(A1,hours_per_course!B1:P1,0))} -> 18
A2: 1 | B2: 1 | C2: 1 | D2: 1 | E2: 1 | F2: 1 | I2: margin | J2: 0.3
A3: 2 | B3: 1 | C3: 1 | D3: 1 | E3: 1 | F3: 1 | I3: minimun disp | J3: =INT(J1*(1+J2)+0.5) -> 23
A4: 3 | B4: 1 | C4: 1 | D4: 1 | E4: 1 | F4: 0 | I4: Total disp | J4: =SUM(B2:F7) -> 27
A5: 4 | B5: 1 | C5: 1 | D5: 1 | E5: 1 | F5: 1
A6: 5 | B6: 1 | C6: 1 | D6: 1 | E6: 1 | F6: 0
A7: 6 | B7: 0 | C7: 1 | D7: 1 | E7: 1 | F7: 1

Sheet Profesor 11
A1: Profesor 11 | B1: Monday | C1: Tuesday | D1: Wednesday | E1: Thursday | F1: Friday | I1: Total hours | J1: {=INDEX(hours_per_course!B9:P9,MATCH(A1,hours_per_course!B1:P1,0))} -> 14
A2: 1 | B2: 1 | C2: 1 | D2: 1 | E2: 1 | F2: 1 | I2: margin | J2: 0.3
A3: 2 | B3: 1 | C3: 1 | D3: 1 | E3: 1 | F3: 1 | I3: minimun disp | J3: =INT(J1*(1+J2)+0.5) -> 18
A4: 3 | B4: 1 | C4: 1 | D4: 1 | E4: 1 | F4: 1 | I4: Total disp | J4: =SUM(B2:F7) -> 30
A5: 4 | B5: 1 | C5: 1 | D5: 1 | E5: 1 | F5: 1
A6: 5 | B6: 1 | C6: 1 | D6: 1 | E6: 1 | F6: 1
A7: 6 | B7: 1 | C7: 1 | D7: 1 | E7: 1 | F7: 1

Sheet Profesor 10
A1: Profesor 10 | B1: Monday | C1: Tuesday | D1: Wednesday | E1: Thursday | F1: Friday | I1: Total hours | J1: {=INDEX(hours_per_course!B9:P9,MATCH(A1,hours_per_course!B1:P1,0))} -> 13
A2: 1 | B2: 0 | C2: 0 | D2: 0 | E2: 1 | F2: 1 | I2: margin | J2: 0.3
A3: 2 | B3: 1 | C3: 0 | D3: 1 | E3: 1 | F3: 1 | I3: minimun disp | J3: =INT(J1*(1+J2)+0.5) -> 17
A4: 3 | B4: 1 | C4: 0 | D4: 1 | E4: 1 | F4: 1 | I4: Total disp | J4: =SUM(B2:F7) -> 19
A5: 4 | B5: 0 | C5: 1 | D5: 0 | E5: 1 | F5: 1
A6: 5 | B6: 1 | C6: 1 | D6: 1 | E6: 1 | F6: 0
A7: 6 | B7: 0 | C7: 0 | D7: 0 | E7: 1 | F7: 1

Sheet Profesor 9
A1: Profesor 9 | B1: Monday | C1: Tuesday | D1: Wednesday | E1: Thursday | F1: Friday | I1: Total hours | J1: {=INDEX(hours_per_course!B9:P9,MATCH(A1,hours_per_course!B1:P1,0))} -> 11
A2: 1 | B2: 1 | C2: 1 | D2: 0 | E2: 0 | F2: 1 | I2: margin | J2: 0.3
A3: 2 | B3: 1 | C3: 1 | D3: 0 | E3: 1 | F3: 1 | I3: minimun disp | J3: =INT(J1*(1+J2)+0.5) -> 14
A4: 3 | B4: 1 | C4: 0 | D4: 1 | E4: 1 | F4: 0 | I4: Total disp | J4: =SUM(B2:F7) -> 20
A5: 4 | B5: 1 | C5: 1 | D5: 0 | E5: 0 | F5: 0
A6: 5 | B6: 1 | C6: 1 | D6: 1 | E6: 0 | F6: 1
A7: 6 | B7: 1 | C7: 1 | D7: 1 | E7: 0 | F7: 1

Sheet Profesor 8
A1: Profesor 8 | B1: Monday | C1: Tuesday | D1: Wednesday | E1: Thursday | F1: Friday | I1: Total hours | J1: {=INDEX(hours_per_course!B9:P9,MATCH(A1,hours_per_course!B1:P1,0))} -> 16
A2: 1 | B2: 1 | C2: 1 | D2: 1 | E2: 1 | F2: 1 | I2: margin | J2: 0.3
A3: 2 | B3: 1 | C3: 1 | D3: 1 | E3: 1 | F3: 0 | I3: minimun disp | J3: =INT(J1*(1+J2)+0.5) -> 21
A4: 3 | B4: 1 | C4: 1 | D4: 0 | E4: 1 | F4: 1 | I4: Total disp | J4: =SUM(B2:F7) -> 27
A5: 4 | B5: 1 | C5: 1 | D5: 1 | E5: 1 | F5: 1
A6: 5 | B6: 1 | C6: 0 | D6: 1 | E6: 1 | F6: 1
A7: 6 | B7: 1 | C7: 1 | D7: 1 | E7: 1 | F7: 1

Sheet Profesor 7
A1: Profesor 7 | B1: Monday | C1: Tuesday | D1: Wednesday | E1: Thursday | F1: Friday | I1: Total hours | J1: {=INDEX(hours_per_course!B9:P9,MATCH(A1,hours_per_course!B1:P1,0))} -> 10
A2: 1 | B2: 0 | C2: 1 | D2: 1 | E2: 1 | F2: 0 | I2: margin | J2: 0.3
A3: 2 | B3: 1 | C3: 1 | D3: 0 | E3: 1 | F3: 1 | I3: minimun disp | J3: =INT(J1*(1+J2)+0.5) -> 13
A4: 3 | B4: 1 | C4: 1 | D4: 1 | E4: 1 | F4: 1 | I4: Total disp | J4: =SUM(B2:F7) -> 25
A5: 4 | B5: 1 | C5: 1 | D5: 1 | E5: 1 | F5: 0
A6: 5 | B6: 1 | C6: 0 | D6: 1 | E6: 1 | F6: 1
A7: 6 | B7: 1 | C7: 1 | D7: 1 | E7: 1 | F7: 1

Sheet Profesor 6
A1: Profesor 6 | B1: Monday | C1: Tuesday | D1: Wednesday | E1: Thursday | F1: Friday | I1: Total hours | J1: {=INDEX(hours_per_course!B9:P9,MATCH(A1,hours_per_course!B1:P1,0))} -> 12
A2: 1 | B2: 1 | C2: 1 | D2: 0 | E2: 0 | F2: 1 | I2: margin | J2: 0.3
A3: 2 | B3: 1 | C3: 1 | D3: 1 | E3: 1 | F3: 0 | I3: minimun disp | J3: =INT(J1*(1+J2)+0.5) -> 16
A4: 3 | B4: 1 | C4: 1 | D4: 1 | E4: 0 | F4: 1 | I4: Total disp | J4: =SUM(B2:F7) -> 17
A5: 4 | B5: 0 | C5: 1 | D5: 0 | E5: 1 | F5: 1
A6: 5 | B6: 1 | C6: 1 | D6: 0 | E6: 0 | F6: 1
A7: 6 | B7: 0 | C7: 0 | D7: 0 | E7: 0 | F7: 0

Sheet Profesor 5
A1: Profesor 5 | B1: Monday | C1: Tuesday | D1: Wednesday | E1: Thursday | F1: Friday | I1: Total hours | J1: {=INDEX(hours_per_course!B9:P9,MATCH(A1,hours_per_course!B1:P1,0))} -> 10
A2: 1 | B2: 1 | C2: 1 | D2: 1 | E2: 0 | F2: 1 | I2: margin | J2: 0.3
A3: 2 | B3: 0 | C3: 0 | D3: 1 | E3: 0 | F3: 0 | I3: minimun disp | J3: =INT(J1*(1+J2)+0.5) -> 13
A4: 3 | B4: 0 | C4: 1 | D4: 0 | E4: 1 | F4: 1 | I4: Total disp | J4: =SUM(B2:F7) -> 14
A5: 4 | B5: 0 | C5: 0 | D5: 0 | E5: 1 | F5: 1
A6: 5 | B6: 0 | C6: 0 | D6: 0 | E6: 1 | F6: 0
A7: 6 | B7: 1 | C7: 0 | D7: 1 | E7: 0 | F7: 1

Sheet Profesor 4
A1: Profesor 4 | B1: Monday | C1: Tuesday | D1: Wednesday | E1: Thursday | F1: Friday | I1: Total hours | J1: {=INDEX(hours_per_course!B9:P9,MATCH(A1,hours_per_course!B1:P1,0))} -> 12
A2: 1 | B2: 1 | C2: 1 | D2: 0 | E2: 0 | F2: 1 | I2: margin | J2: 0.3
A3: 2 | B3: 1 | C3: 0 | D3: 1 | E3: 1 | F3: 1 | I3: minimun disp | J3: =INT(J1*(1+J2)+0.5) -> 16
A4: 3 | B4: 1 | C4: 1 | D4: 1 | E4: 1 | F4: 0 | I4: Total disp | J4: =SUM(B2:F7) -> 21
A5: 4 | B5: 1 | C5: 1 | D5: 1 | E5: 0 | F5: 0
A6: 5 | B6: 1 | C6: 1 | D6: 0 | E6: 0 | F6: 1
A7: 6 | B7: 1 | C7: 1 | D7: 1 | E7: 0 | F7: 1

Sheet Profesor 3
A1: Profesor 3 | B1: Monday | C1: Tuesday | D1: Wednesday | E1: Thursday | F1: Friday | I1: Total hours | J1: {=INDEX(hours_per_course!B9:P9,MATCH(A1,hours_per_course!B1:P1,0))} -> 15
A2: 1 | B2: 1 | C2: 0 | D2: 1 | E2: 1 | F2: 1 | I2: margin | J2: 0.3
A3: 2 | B3: 1 | C3: 1 | D3: 1 | E3: 1 | F3: 1 | I3: minimun disp | J3: =INT(J1*(1+J2)+0.5) -> 20
A4: 3 | B4: 1 | C4: 1 | D4: 1 | E4: 1 | F4: 1 | I4: Total disp | J4: =SUM(B2:F7) -> 28
A5: 4 | B5: 1 | C5: 1 | D5: 1 | E5: 1 | F5: 1
A6: 5 | B6: 1 | C6: 1 | D6: 1 | E6: 1 | F6: 1
A7: 6 | B7: 0 | C7: 1 | D7: 1 | E7: 1 | F7: 1

Sheet Profesor 2
A1: Profesor 2 | B1: Monday | C1: Tuesday | D1: Wednesday | E1: Thursday | F1: Friday | I1: Total hours | J1: {=INDEX(hours_per_course!B9:P9,MATCH(A1,hours_per_course!B1:P1,0))} -> 15
A2: 1 | B2: 1 | C2: 1 | D2: 1 | E2: 1 | F2: 1 | I2: margin | J2: 0.3
A3: 2 | B3: 1 | C3: 1 | D3: 1 | E3: 1 | F3: 1 | I3: minimun disp | J3: =INT(J1*(1+J2)+0.5) -> 20
A4: 3 | B4: 1 | C4: 1 | D4: 1 | E4: 1 | F4: 1 | I4: Total disp | J4: =SUM(B2:F7) -> 30
A5: 4 | B5: 1 | C5: 1 | D5: 1 | E5: 1 | F5: 1
A6: 5 | B6: 1 | C6: 1 | D6: 1 | E6: 1 | F6: 1
A7: 6 | B7: 1 | C7: 1 | D7: 1 | E7: 1 | F7: 1

Sheet Profesor 1
A1: Profesor 1 | B1: Monday | C1: Tuesday | D1: Wednesday | E1: Thursday | F1: Friday | I1: Total hours | J1: {=INDEX(hours_per_course!B9:P9,MATCH(A1,hours_per_course!B1:P1,0))} -> 8
A2: 1 | B2: 1 | C2: 1 | D2: 1 | E2: 1 | F2: 1 | I2: margin | J2: 0.3
A3: 2 | B3: 0 | C3: 1 | D3: 1 | E3: 1 | F3: 1 | I3: minimun disp | J3: =INT(J1*(1+J2)+0.5) -> 10
A4: 3 | B4: 1 | C4: 1 | D4: 1 | E4: 0 | F4: 1 | I4: Total disp | J4: =SUM(B2:F7) -> 26
A5: 4 | B5: 1 | C5: 1 | D5: 1 | E5: 1 | F5: 1
A6: 5 | B6: 1 | C6: 1 | D6: 1 | E6: 0 | F6: 1
A7: 6 | B7: 0 | C7: 1 | D7: 1 | E7: 1 | F7: 1

Sheet hours_per_course
B1: Profesor 1 | C1: Profesor 2 | D1: Profesor 3 | E1: Profesor 4 | F1: Profesor 5 | G1: Profesor 6 | H1: Profesor 7 | I1: Profesor 8 | J1: Profesor 9 | K1: Profesor 10 | L1: Profesor 11 | M1: Profesor 12 | N1: Profesor 13 | O1: Profesor 14 | P1: Profesor 15 | R1: Total | T1: days per week | U1: 5
A2: Curso 1 | B2: 0 | C2: 2 | D2: 2 | E2: 1 | F2: 0 | G2: 2 | H2: 2 | I2: 3 | J2: 3 | K2: 4 | L2: 1 | M2: 4 | N2: 4 | O2: 0 | P2: 2 | R2: =SUM(B2:P2) -> 30 | T2: hours per day | U2: 6
A3: Curso 2 | B3: 3 | C3: 1 | D3: 2 | E3: 0 | F3: 3 | G3: 1 | H3: 3 | I3: 3 | J3: 1 | K3: 3 | L3: 3 | M3: 3 | N3: 1 | O3: 0 | P3: 3 | R3: =SUM(B3:P3) -> 30 | T3: Hours per week per course | U3: =U2*U1 -> 30
A4: Curso 3 | B4: 0 | C4: 3 | D4: 2 | E4: 3 | F4: 3 | G4: 2 | H4: 3 | I4: 3 | J4: 0 | K4: 1 | L4: 3 | M4: 2 | N4: 0 | O4: 1 | P4: 4 | R4: =SUM(B4:P4) -> 30
A5: Curso 4 | B5: 1 | C5: 3 | D5: 2 | E5: 3 | F5: 3 | G5: 0 | H5: 1 | I5: 1 | J5: 2 | K5: 1 | L5: 2 | M5: 3 | N5: 4 | O5: 3 | P5: 1 | R5: =SUM(B5:P5) -> 30
A6: Curso 5 | B6: 1 | C6: 3 | D6: 4 | E6: 3 | F6: 1 | G6: 3 | H6: 1 | I6: 4 | J6: 2 | K6: 3 | L6: 2 | M6: 3 | N6: 0 | O6: 0 | P6: 0 | R6: =SUM(B6:P6) -> 30
A7: Curso 6 | B7: 3 | C7: 3 | D7: 3 | E7: 2 | F7: 0 | G7: 4 | H7: 0 | I7: 2 | J7: 3 | K7: 1 | L7: 3 | M7: 3 | N7: 2 | O7: 0 | P7: 1 | R7: =SUM(B7:P7) -> 30
A9: Total | B9: =SUM(B2:B7) -> 8 | C9: =SUM(C2:C7) -> 15 | D9: =SUM(D2:D7) -> 15 | E9: =SUM(E2:E7) -> 12 | F9: =SUM(F2:F7) -> 10 | G9: =SUM(G2:G7) -> 12 | H9: =SUM(H2:H7) -> 10 | I9: =SUM(I2:I7) -> 16 | ... P9: =SUM(P2:P7) -> 11
